title,datetime,link,search_word
Quantum Computing Inc (QUBT-Q) Quote - Press Release,2024-12-14 12:44:30.763657,https://news.google.com/read/CBMiywFBVV95cUxOUDd3cUpkZ1VZU1piWHdDSnN1LVBQbVpzeXZYT01zYmhxVmpOSmNEaXlhamhqektGRFlOUnpXMUZEU3YxRHhOZEZKTHd4OFBWWDVOMHoxbGNBVmlwTVBWTEhEaldCcHg5XzE3SVRYSUd5SV9mUG1zMW90bGdsYXVSQ29Ka1ExZWRhY2NrdW5KN0l5UGN6T1N3cXR2aHF4em9CbmxRNFJ2MDczd2tpdUZ4bzhRaThWaS15OGxZZnhQMjNOdHNESDNISVUwYw?hl=en-CA&gl=CA&ceid=CA%3Aen,quantum
"Quantum entanglement, not oil or coal, powers a new kind of engine",2024-12-14 12:44:30.764401,https://news.google.com/read/CBMioAFBVV95cUxNNXFrUzJGLXhvQ3lFYzlNOS1VSzR5TG1IYVo2QWw3RXBFY1h5WGlOUm53UHB0cDd4eGxWa2FMNkFLQ1o5VjRmRjhEVW5QVzNCMzJNckJFSlZsTmZnbnFTZDduYV93ZmlMeUM5OHN4MldoYUJfZzU1MGdkMEM2dzl0X0tvRFVZd0lQMkpkZ0xVeWNSR1l5MmF4SGV3S0VJZDZP?hl=en-CA&gl=CA&ceid=CA%3Aen,quantum
Is Quantum Computing a Reason to Buy Alphabet Stock?,2024-12-14 12:44:30.764729,https://news.google.com/read/CBMilgFBVV95cUxQMnZFNnJ1QjQtMXFDVXBGZjlzSnBDa2lGR3h1Z042RE1nVVlQd2pRdjE4dWx6bHBtVW1JbHFZZmJNZXhSczFFbzlvWWZOYUJGdHVFQ2FPNzFJT1ZtSllyNnNOc1J6cXlISEJTOUVpUk5FX29kbnZoY2RoX1hYaGJJamMxd29KNVVTS1JvSHdTVE1LUzVUNmc?hl=en-CA&gl=CA&ceid=CA%3Aen,quantum
ðŸ”® Sunday edition #504: Pricing intelligence; the quantum dragon; investor democracy; geopolitical dominoes; Norwayâ€™s moves; diamond batteries & spiderweb math++,2024-12-14 12:44:30.764881,https://news.google.com/read/CBMiUEFVX3lxTE5ibE1xR3Q1WWtlTm5PX1Jrdy0zWFhVRG93WG5zeG9sYUxEOWhiNVRMcUFWMkctZHhTTjhvV3NiWjNyZEdRaWp5Y2FBQzA1dGNS?hl=en-CA&gl=CA&ceid=CA%3Aen,quantum
Crypto's Quantum Leap? How Quantum Computing Could Disrupt Blockchain!,2024-12-14 12:44:30.765401,https://news.google.com/read/CBMiqAFBVV95cUxQUUNmYVduSF9iYURHU3lpUmF5b0lIRGNWczdZT3JlZ2dUdkozYV9sYkZvb0ZlWFRQaVF1dkZCdFhhOWpJaEt5M3lPc1huVTcxSk1BS2RSYmRuSWVvQVVVeUxBbGZOSko3ZHFFdlI1eGQtODRJSkZsMGRBRGZDNlFKYmoxTDB6c0hxU1BqVmVqQ2RTbDJrNmFfQjIyZVpJcHZIRFhZay04ZDA?hl=en-CA&gl=CA&ceid=CA%3Aen,quantum
Classiq Researchers Report on a Quantum Software Development Approach to Increase Efficiency and Scalability,2024-12-14 12:44:30.765542,https://news.google.com/read/CBMi5AFBVV95cUxPS3R5MGYwXzR1ZG5tZy1fd1ExeFNLdFdWRGQwbVZZdVZ6S2lDLUR4RnFZOUg3WjZHQWJBLW9ocWtXZjljbFFpcFo3RHlhcWplM3J1dHJQWlJxUnRxQ0xYQUVKRFB0TGFtN0pKd0xZWXVYWEV6T0Y4c2Q5NXJXVzNyY0V6b1lUQk9FMXBxOFpRaTUxNWYwdkRMY3Q3RnRxM01STkNROWRWTTNuTjlNc0tlaFhCTDZEQ3A4a1hUX0liLUpoRlAxa3ZJeVZ2YUxrSlFaQ0tFVFY2QVYxSjN0ejZsM3U1S1c?hl=en-CA&gl=CA&ceid=CA%3Aen,quantum
Google Makes Quantum Advance With Willow,2024-12-14 12:44:30.766969,https://news.google.com/read/CBMif0FVX3lxTE1JblFCUmpVcHVUZ3duRzdnbFNIM0xCTXBWVXN4X2VabDFNUnRuNkRTYW1UdmJqdS1sZ1pmaW5Gc1JhQ21iQm5mSFhLQTVYNUNlWEZyY3JGeTJTanctLTNyandLMGtDdWV1cHloZjRFdTF1ek9HWl9WNTlMdk5zOW8?hl=en-CA&gl=CA&ceid=CA%3Aen,quantum
Does Googleâ€™s New Quantum Chip Willow Show Weâ€™re in a Multiverse?,2024-12-14 12:44:30.768226,https://news.google.com/read/CBMiYEFVX3lxTFBBXzU4RzhfcGxVdzVjR1Y2dE9fbUV4emp1VlFHblduZ1JlbGttWTdzeWVUa3I1LU5abEtDbjFkaFJDSGRsMzJkbHZKX3VkZDBDb1d5ZGtYM2lOQ3cySlJjXw?hl=en-CA&gl=CA&ceid=CA%3Aen,quantum
Quantum stocks ranked by their Seeking Alpha Quant rating (NASDAQ:QUBT),2024-12-14 12:44:30.769206,https://news.google.com/read/CBMimwFBVV95cUxOajBtLVZxaHUwRHUzSExDS0VnT19uZUpNR3Y1amdObHVreUt6a2tnZUF3WThHSUNHX3laNVA4U05hX2NuYU5WWUZzWG1jbS1yR0w1b1B4clFBaVhDWmxCRHJMU2drVHRma1BwZjB4eTQwaDlQSGZMZzFTd1dBLS10eXFFeVA0VTl0blRZNDlRMWMxZDNjNVhBYU80Yw?hl=en-CA&gl=CA&ceid=CA%3Aen,quantum
"Whatâ€™s News in Markets: Walgreens Talks, Alphabetâ€™s Quantum Leap, Cruise Control",2024-12-14 12:44:30.769478,https://news.google.com/read/CBMi8gFBVV95cUxQNFkzdnNoLUk3UXF4cy1rc3RiV3c3Y19WellIYmhqNHlRNzJmYjhlSWs3b2xoVEIxcG9UOGZua3k1LW1xNUtLVzB0QjB6OW5Vd0hiNmZVbk1BTENzQUFTM2I2QjdPV0FSaC1ZVG5NelFOWmhRcFo3SlRLRW9xdzk2NHozdUo5dWF0d2pOd2ZQVWZoREozWFZRNGFzdk4yR2E4bkNRT0hvZzh1a0FXblJOd1NwcXJPTkh3NS12dFJJdy1GTDU2VVZNV29WY3FYZUczLVJWZHJ5alhwREw1ZjVqa2NTOFVWZW12YjZ2ejF2bTExdw?hl=en-CA&gl=CA&ceid=CA%3Aen,quantum
"Superposition Guyâ€™s Podcast â€” Yianni Gamvros, CEO, and Iordanis Kerenidis, CTO, Quantum Signals",2024-12-14 12:44:30.769890,https://news.google.com/read/CBMiygFBVV95cUxPeEVCeFhnU2RvaTFXUjVFSnFNeXN6WGh4UVBiNHBMNmtfZWN2Yl9EcU9tN0FsaldydFlQdDhrUzh5bE1NVUdRSmM3bEV1OHU5VS1ETXV5c2lYdG5WSFl2dm1YWFh1V0Z3TkoySjU1SFZqSFJJNFJyN3JTZTJqTlNWMGdwQ243RkdWNGs0Qkt3elZmaTRNT0dKZVZIbUFYYjZMS1BOdkthTmtsR1E4NDJFeERITFN4aHBCSVlWTzBpMFpqd1hxT0JDeFh3?hl=en-CA&gl=CA&ceid=CA%3Aen,quantum
Quantinuum Demonstrates Record GHZ State of 50 Entangled Logical Qubits,2024-12-14 12:44:30.770582,https://news.google.com/read/CBMiqwFBVV95cUxQVV80Yjd6UXprR1VYazAxSUhjY0xsQ3VtV0NuYXZjZFFsZ2xONk5CT2NwenRUN3pEOG1uUkthZURXQWROS2FDWU5wVlgzdGwxUDZ4X2U1RXhRSVJZeXNkcVdLSDNodmc1VUQ4LXFEQWJtak9ZdVVvUTQzOV9Rb2ZkZ2NSTXdmaFI1VWZMZHNsNXBBNUU0MzNzNjMxRlRicnRPT3ZYTkdOQVFQWjTSAbABQVVfeXFMUHU4YmsxcmxDbUtJalNMc09fRHFTLVd6M2ZMYllTWUE0X1ZBbUtOWC1pMUNOeFV4b1B3LTFEeWF4Z2hib05Gd0dBWG00TGU5d0dZTldKNV80bUVfTWhXQ1dUS3ltRDd0V2d3cVl4TUczSjBObFpkaS1CTFc3a0lFZnJPbVNyTU1pM3dZb3FVWjV1ZkZBMXZTTWlFYVpRdnctWDZhaUNfQlRRX3RpODA0U1c?hl=en-CA&gl=CA&ceid=CA%3Aen,quantum
Unlocking the Full Power of Quantum Computing With a Revolutionary Superconducting Processor,2024-12-14 12:44:30.770721,https://news.google.com/read/CBMiSkFVX3lxTE1IVTdGSmhhTHMxZ29NZHByZTdybVJrNTRQbUY4ZXZ1cXJYenZ2UXBIYjdCejRNZGdkUWx3UFJYX2U2c1ZhaUZWRzZR?hl=en-CA&gl=CA&ceid=CA%3Aen,quantum
What's Going On With Quantum Computing Stock?,2024-12-14 12:44:30.770859,https://news.google.com/read/CBMikgFBVV95cUxNWDBvOUNVMmhYNkVsalVJMjJ0RVZ6N285cUZiVF9SMXZJQlljQkk0Q3hYZTMteG13ak1YRFlIYWl2OThndmFHVUhvTXlHTndRcDFETV9lRmNSS3VuQ2NHTXpQWTExWFNpZmtIUnl6cV9NazduTnpUT29KZkNsUVR1a191RmRUYS1icjNaQ3FjOV9pUQ?hl=en-CA&gl=CA&ceid=CA%3Aen,quantum
Is Quantum Computing a Reason to Buy Alphabet Stock?,2024-12-14 12:44:30.771412,https://news.google.com/read/CBMivwFBVV95cUxOdmJlLWJZUWNpdm5KLS10YlBJbkNNVG9FaTFnNWd5RW1ZbnlUTVlwV29Ib1NaVUNicjhKN3JQVFdsMVRxZkxKbUY2TGxrcmhxdU12RkFwSFVqUTQxTzZKSXJabi12SmdyQUF0RlVHV0lWNElDbDVneEpURlNWbkRFc2x2Y2JwN0lWaHZEcm5scWRUeFp0emwyYzFISXNMRkE2Nl9Odl82SDNObnVqTGZuMXBvSF8wbk5CalFOMlBjNA?hl=en-CA&gl=CA&ceid=CA%3Aen,quantum
"The Race for Fault-Tolerant Quantum Computing: Unveiling the Next Leap | by Disruptive Concepts | Dec, 2024",2024-12-14 12:44:30.772830,https://news.google.com/read/CBMivgFBVV95cUxNODVjdktybE5XVVVIR0x5d2lUYmxZenN2bU9zTklpZVVDYU5LVWtsUks2TlVYV2ZSMmh4eHFFbmw5dG9abVYxb2s2UTJVQWlrd19pZTQ3dGx5YUdoem1XYlVNaTdUQU92MEhzaUI4V2F1N1RlMHd5eUtTWnpQblRyWWMtMlMxaTFlUlY5YUtocjNTTHFRYjROMjJKbnBfMVlLclZlZjBNQnQtRTBJckdJaGU4aDdQaHZTRDhEMmN3?hl=en-CA&gl=CA&ceid=CA%3Aen,quantum
Google's AlphaQubit Breakthrough: 6% Better Quantum Error Detection Using 241-Qubit Neural Network,2024-12-14 12:44:30.772974,https://news.google.com/read/CBMieEFVX3lxTFBSR25hRXpfX3RabXlOQ0lGQ3ByTUtrZEhFZEV1UkhMWGVBSEJVUVdKS2pkdzlCaVFwYnpwbUFDVUJQa2RoeDFpeEJTc0ItdFFwMWYxNW54VFNHSnB2M2pXdElGb09SRmd0OGt2R3B3X3kzOWN0VGt3Uw?hl=en-CA&gl=CA&ceid=CA%3Aen,quantum
Googleâ€™s breakthrough Willow chip means weâ€™ll get useful quantum computers sooner than some people thought,2024-12-14 12:44:30.773125,https://news.google.com/read/CBMi8AFBVV95cUxQNVNuWTU2WEZwdkFXRHlBQmk5SmRTOXNFZzNIZVRMX0lnbU02ME1oVHBIcEE1Z0NkQlAwczQ1REVTdWlDLThWTjdURWVnT0FrS2RmWkVkbllmWVpYbG1IMEtBRVpjcEVLeXVZeFE1NDR5amktbnpES0N4aWhiUDhkcWZBa0s3QWR2dFJZQ05lMDRMN2VuZjJpd1RNbDZtQ1liV1Z5ekJ2alRUYlZXaDZYSm81SjRoSllhYm0wMWlUaV9uZkVoMWNnbjQwWXpwcHFLM2ZnOXo1eHMzUEZzSEFvdGJKWXRpMlpGenhNay0xZDY?hl=en-CA&gl=CA&ceid=CA%3Aen,quantum
Is Quantum Computing a Reason to Buy Alphabet Stock?,2024-12-14 12:44:30.773266,https://news.google.com/read/CBMiT0FVX3lxTE1yZzhNYVhPUnNfTWttQmctbmZlT2Q0Q1ZGRkFteWkwbXB5RG4wdVQ2TlBxZWU4bGh3VjBBN3ByV2hTRFRKb29Pa0MyajlUeUU?hl=en-CA&gl=CA&ceid=CA%3Aen,quantum
Unlocking Quantum Potential! Discover Classiqâ€™s Breakthrough Method.,2024-12-14 12:44:30.773403,https://news.google.com/read/CBMimAFBVV95cUxPN01WT1ozN0tOeG9BUUtxRTN1cVdZR3ZtM3FnY3pJcHQ0Q0NrVktZamJwdzNHMGdHQV9yODhibTFDTGVQWlZUal9FcU5rdjl0NGRCN1h0WHY2RDlYbnlVYTdObjE0d1A3emtIM085b3NRNnJRazVRdGtobnJ3ZmdCWTRxUm1iaFcxQnU5REVnRGFYSGZOUTdwTQ?hl=en-CA&gl=CA&ceid=CA%3Aen,quantum
Is Quantum Computing a Reason to Buy Alphabet Stock?,2024-12-14 12:44:30.773976,https://news.google.com/read/CBMikAFBVV95cUxNRzlwOXpxeUo3bWlERHNHUk82SDFSdlpJVXdEQW9pUmVtSW9seExRZjBpRjFpbDl6ZXA5akhOWTY4TDBNS2JjNEludVRtb2ZUaEpWd0VqZjB6NzdPQzhLZVM4NExPR3FHdkFsZG5jWDVjV3BOXzBINEdCZWZvSVNmSlo4amVSQzI5U3FCYVZhV2s?hl=en-CA&gl=CA&ceid=CA%3Aen,quantum
Is Quantum Computing a Reason to Buy Alphabet Stock?,2024-12-14 12:44:30.774119,https://news.google.com/read/CBMiqAFBVV95cUxPS1lfLVBKbWRFOHRBWnZEQk5WMV9sejA0azBkMS1Wcl8wYk1IYXBqbk1GNkFveUFENHlMcjM1eXJGZ0RPWWlfaE9GZ0R2VHh6cWhJUjNFZmhkLWwtRzNDZGtaZzR6YXBsQ0k3b25XR2xoRzVJUkhDdERxYnNSNEx3MEpmWnJfN2dBbURoZ0QyaUJ2cjdGX0pzbkYxUloxa2k2WmFVMGlYZEg?hl=en-CA&gl=CA&ceid=CA%3Aen,quantum
"Quantum Computing Is Way Behind AI, but Both Are Powering Tech Stocks",2024-12-14 12:44:30.774263,https://news.google.com/read/CBMiwAFBVV95cUxPbXNGWDBFODNZMExBQTdPbjNaUzVIWVJLVGR3dkV4T0xwWlU1VlM3QnR4bWdYNDh6anhRWTJOTUZVT2xvaEZxZFRHODFYQnRreFloYzFhQTh0N1VudkhQOXAtUDV5ZUNqWG5YU3dHeWVhcS0wQlRxVDNXUFdQM0pseDFGSjRRM0dxSjB6STViVlpYX0lVS0d1RGNSb3hJWEJaaUw3enh0NWRoTHg4SkduQ25iTDVGLXhzOXdfRHI2bWw?hl=en-CA&gl=CA&ceid=CA%3Aen,quantum
Google unveils â€˜Willowâ€™ quantum chip that smashes all modern records,2024-12-14 12:44:30.774405,https://news.google.com/read/CBMivAFBVV95cUxQdEppRnpyTFZJRXhpLUJPcW9iWDFvZlI5VWJuSVpZcEhJSzdKamNyV2JTZ2hZQTJSYjRRd3F3RmY3cTQyclJKVWZseGxSdDRmWHp4RjYzZzBIS3UxcjZSczI1eVZSZTVtQXdscE53ZDhqbi1YeWV3VmtSNDF3b0h6WWpTdkpQTFdoX0Zvby1ldThwQlhKV3p0QVd0Zk1kSm00RWlpeklodm14LWEzdDI1VUp5cW85WUtjXzluYQ?hl=en-CA&gl=CA&ceid=CA%3Aen,quantum
Googleâ€™s Quantum Breakthrough Could Change the Way We Invest inâ€¦ Just About Everything,2024-12-14 12:44:30.774837,https://news.google.com/read/CBMiowFBVV95cUxNZWx3NXhvQjFRckRVb1BjWlloZHEwVUZGM3NnMmlCZWlqZGc1QXJyVVF3RHJfU01rYTJfallvVVpnVUhZUmFXNnRIdXhnb25XbXk1VUozaTdDODFmNWtkeHlBY09XTVU3YlNBMXVqbWI1ZnpnTUE5cUlBWTlHWmJLMklQWVpWQjlybFJkZXFCaHNKVmE2b3c3eU8ybnpLcVNyaEpr?hl=en-CA&gl=CA&ceid=CA%3Aen,quantum
Physicists uncover new state of matter called quantum spin liquid,2024-12-14 12:44:30.775431,https://news.google.com/read/CBMiuwFBVV95cUxQbXhyRTRxSmhGNDlJQmxVU25TNVpGOGJiaFVjTkdYWVNxTFlSNU1fZno3TFhiTkNER2oyd3VRVTBzNXplbFZ2aWQzNTBzRDVqVGJKOHRnSmpuaU1yTnE3cTNPOWJGZm9oTkQ5YVpTU1RvUWotVTlSYzg1XzZubFJQbERYX3JoSXNOWTBIUzBUa2VIeHZwZmpVY1dla0R6Mk9aX0xiOERSTEhLbGpZb2x3bEpyR0pSdjh3YVRJ?hl=en-CA&gl=CA&ceid=CA%3Aen,quantum
"Quantum computers threaten blockchain security, but countermeasures develop - ì¡°ì„ ë¹„ì¦ˆ",2024-12-14 12:44:30.775592,https://news.google.com/read/CBMigAFBVV95cUxNS3dRR01aUFpZTzJocW5uSTNDOFBBdy1ua3hhaVJsTUgtT1Z6al8tNjZ2dThSZFhBM0I2b293VkJDb1ZLbzV6MENVX1FLTFU0Ukd4ZHJtVHJCanFTdGdZSFFKSDlLTHcxcUkxS1VzSWZMOE5GYkFiX0x0RWNuSk9JUNIBlAFBVV95cUxNeUwtejJpZm9xYl81cWpYeHZ6WDJ5cFBCc2wtLWVfNGx0M2J4RG4zUktiSFllSnpKR1EzMnN6UGE2MWM5amNEYzZRSXllNkRnZGh2SEl2VU1CeGNBVTFuVDR6VXI2Rnl3Uno1UTg2ZlpqeWsydFR6emRjbzFCbHF3NGRreEZPaTdDQkR1dWNWWWc0dUVU?hl=en-CA&gl=CA&ceid=CA%3Aen,quantum
Quantum Leap: Alphabet's New Chip Stuns Tech World. Could This be Google's Game-Changer?,2024-12-14 12:44:30.775838,https://news.google.com/read/CBMisAFBVV95cUxNTEdTdlJHd1JDQ2I1ZlNKV3NjRjc4MHpCVHB5NUxkZ0NGQXVnZW83emNvX1h6OGplV3pvTkRiUWw2Z1Q5TGVTVmJmZ0J1XzlmSXo0NmZYMmxHLXRKRlR1eGIzbWJSTXVIM0NnZHQxcllORDVseWYyQ2x2SEdlYmJKcEtncGM3Y1A1c3ZQMWxnZlBzdnZKZzJIVkxJZGlVeS1PeFA1Z2kxNWY5dHdhRnFJbg?hl=en-CA&gl=CA&ceid=CA%3Aen,quantum
Google hits a major milestone: A quantum computer performs 47 years' worth of calculations in seconds,2024-12-14 12:44:30.776108,https://news.google.com/read/CBMiygFBVV95cUxPem5KS2cyb2NTR0dNajNlVEFsZVZmbVJmX25qVHdBazkwMURlZjZwaGRXZjVCRFZXcGNyVDVQWDdPLTB3czNseVp5Q2JMS2NicTRreTNLTjl1SnVnbzBVb2lEdzUyZVNjbDBySExSVDNfX0UxSmg5SzRSVUxXdFVMTUhDQ1RFMm1YbzZEblNwVHJnbC12SGZCdnpydGlPZkwzZGJfT256U0paWjVFV2pLNHZHWkhUZDhsSkNuN0R1MUE5TTQ0aHBiMWhn?hl=en-CA&gl=CA&ceid=CA%3Aen,quantum
More Is Better in Error-Resilient Quantum Computer,2024-12-15 12:44:30.762095,https://news.google.com/read/CBMibkFVX3lxTE5yV01oOVAyOVc3UldqcVFKOUY1VFF3UnRsdzNtdDhtNWpVcVN5Wm9GSUc1aGc1T01JWi1SOVJHZVRkR2ItQmlIdmhRTkF4Qm9DUFNiaWFqeWVlVThHTzBvbS1iSkFSRVJvMkZ5bnZB0gGCAUFVX3lxTE0zVG95cmlRaVlFaG5CNzQyc1U4YnNKWjhlM0tCTGQ0SERaaG5kQmhfTnZ5Ql9SWGxLYjJubnY3Smg2T25QTVhEQy00RElDVG1hNldQN2w3R1JkalJ0U1BsWHhHSzhjbFNLV3pta2RyeHhhMHRvb0QzUHU5cmF4RlhtRXc?hl=en-CA&gl=CA&ceid=CA%3Aen,quantum
Struggling to Find The Perfect Gift For The Quantum AI on Your List? Researchers Say Quantum-Classical AI Can Now Play Atari's Pong And Breakout,2024-12-15 12:44:30.763419,https://news.google.com/read/CBMikgJBVV95cUxOQ1k5cXctRlVyelN3Y2xra1UzLUFRbTFLWEpLdzF2ZGxlcmhsVkRxTTFPQjhibHl2VTJzUVFOTF9UcVBicVB4M0J6c0g0WTh1a0JYbk9OalBFLWsxM0lROHNnUU5GZlJxQmRRUkFRTlZKZkhMYUQ2b2tMekdDMjVEWHhnZjZxZzQ1TE14elVzV2Q4RzRzNG1MOENJRjZiNVFZUG1HM0pJZjFFZ3VzU3Y5NTVkRmd1Yk9Zd0ZyMzU4dmhBV2VVMHo5WTRuUHU5cFFwaVFxMTdkS3plWlVFYWxPQzc0dS03Zll2UUltcDU2RmQ0MkJ0ZUNFcDdSUmVBeFZPTGNDTFNSVG9FeVRJcHdxOFF3?hl=en-CA&gl=CA&ceid=CA%3Aen,quantum
Great quantum quest reveals the need for story-telling and imagination,2024-12-15 12:44:30.765110,https://news.google.com/read/CBMiekFVX3lxTE1ZU2dGeHNLa1NsMXM0RXdTWkFyR1FhTVNWU29jdnpmc2p1QnNUcUN2SWxwZVVFaDREWk0tSVdqOE5ZMkZFcllRWGI1bkhEbmllYWdSLVRGTklCTEtuRTVLSHYwbThJSERVSjc3NzNTU2o3T3M0TDFnQkRR?hl=en-CA&gl=CA&ceid=CA%3Aen,quantum
Is Alphabet's Quantum Computing Chip a Game Changer for the Stock?,2024-12-15 12:44:30.765687,https://news.google.com/read/CBMimAFBVV95cUxOcFdERkJnVHVxYWlwWjNQeU8zY2s0cVlfNkRWZzRCZHk0VTQ2YVlGY3o1TEVSNEFqdDRJY3NKdldVRl9sQjU3NTBCTXZEM1pMSHZyV0pJbHA1R0NiVE9mblpJcnhFV2FNVEVvZW9nbkdaNzlQYWhnUHFQRnJXeUFpWWQ4UTJBS0dlbE92emNnblRDXzgyWld0Vw?hl=en-CA&gl=CA&ceid=CA%3Aen,quantum
Googleâ€™s quantum computing leap highlights widening knowledge gulf,2024-12-15 12:44:30.766107,https://news.google.com/read/CBMiTkFVX3lxTFBCRTJZRk5SYkhWM0p3X004S2M3a2RZOWhiZWJsdDhsYUZnZUhKZENTWHR5WWpHT1dKNVB2aVdhNHgwencwNURNUXdBUmw1Zw?hl=en-CA&gl=CA&ceid=CA%3Aen,quantum
Researchers uncover strong light-matter interactions in quantum spin liquids,2024-12-15 12:44:30.766249,https://news.google.com/read/CBMivAFBVV95cUxPZHBzaEZVRVpmOURSdlpxSzUzYk1BaUZQcWR4YmxXVE9XYmJWZWExN1NhQ1g5cURadXFoTndGYzltb2k0anotaDdpNGNkQUNmblNDY0FVdkR4dUdFTlIxcm9IVi1HZFR4OWxRUmVPTjRnTTlhUmZFZVVHV2dZY0tqODhNMDV1SXRxZE1qTGZrUEhuYWx4SXZlZFBXYmxaZlIxSzU5VUVSZ0FTb1BwRmZXaG5taHBLbjcwcDhZbw?hl=en-CA&gl=CA&ceid=CA%3Aen,quantum
New Google computer chip so fast it 'may rely on parallel universes',2024-12-15 12:44:30.766535,https://news.google.com/read/CBMinANBVV95cUxNTXZEbmFBcjdJbzNqOU00OFJJU2E5aHdDVkpkQWk4TE9jd2R5bzhMWTVFVzV6dGw1a3NqeXJQQ1R5X3VhaUt3d3Vndk9maS1nTVBhZ0RVdjcxb2FEX2RDcXYzbjV2M1ZhWnJOOTd6NHpIQWQxRFNETXJFelhVNVV2U2x5MGpYLVJQc2czYzlPSzFwZHc0Z284dzk5UXYxTlJZZWkwRDNhUjRjbzZTMHZUaEdkSmxpOS1KaTJ0YjByYU1YMkRxdGRqaVNnZUdYREhrNFB5UXJOS2NFR291MGVVZGg5U2VQbThnbGpsZ2pDYl9FWUtGZTBZMXZxUkVuNS04amxMMDhvQ28zbVBRUmZ4N3VUQUI3UHN1RXJfQWk2cDlrM2MtXzZRT3JMUnR6Uk9wMHV1dExVbjRYcmJqNDNBQTVFSFlIYXlpTHVwVGVITVNRVmtCTkdlX3l6VHZ1ODU2RGFTd3oxXy1rOU1BcW1MQ25ORVhhZEpkOWg3dXV0YnNfQUpJYzdabzVtRmhWckVZZ3o1WUlkNmtOZl9l?hl=en-CA&gl=CA&ceid=CA%3Aen,quantum
TATSI Tack: How Scientists Are Taking a Quantum Leap for Fruit Improvement,2024-12-15 12:44:30.767252,https://news.google.com/read/CBMiwwFBVV95cUxQMC1yZmtldmx3YktFUnFTZFY5Wm5uV2MyZG9uRjVJZ1ZvZjNRNUk4eGxUalVyQUFmN2sxTjFnUmVxSEVJMFpldEVsVGlQRTlSejd4Y2VaWEphdWtoZVJlWmJDTVpJVzd3R25TOFkxdVJOeHl0WmRkbVNQdXFGNVQtSlhac1VtSHM5TEYwTWpaU3FvWEJla0FGYmM5NUlfQnRJdTAtdHBlQW5OWklsMl9WOWJ5N0pCOGkybXJyTERxWkRXNW8?hl=en-CA&gl=CA&ceid=CA%3Aen,quantum
Is Bitcoin Ready for the Quantum Era?,2024-12-15 12:44:30.767663,https://news.google.com/read/CBMimgFBVV95cUxOSDNhNGpjVWNHT1pZRUg5NXYwVUh3YnFxQVBnQUs3YjFNdkMwWUJIbF81LTBzODFxbE9rRDdwVlhLY3JweC1YcldMTkZEVWxkLWh5bDBaQU1oWlF2NVpleVRHcy1Zd3VMTlctN01yQmEta1dLcHl6R1RDNmtlRzdHLWRjTnMzNng3QThwTkIweHJGeFpTTEtzLTZn0gGfAUFVX3lxTFBYVHBvOFJLT2RLellGT01QYlB0UEM3b0NnTTRjczFJWFp1MG12b3dBU2JQTTRDZlJFR0I3Wll1bTJzS3M1MWRtUHplYjMyd1c1dEdVRjNPejByUnVhcTl0U01oLV80eFlJaWFlWmJKRXlva3YzbTZ4WjNvLXRZTU1mYjNuQXdyNFd4Ti1la1RmLVZneFhXYlhjbUJyb2Z6MA?hl=en-CA&gl=CA&ceid=CA%3Aen,quantum
Quantum Systems to train German soldiers in operating UAVs,2024-12-15 12:44:30.767799,https://news.google.com/read/CBMijgFBVV95cUxPeHY2ZDlIWTJ2cFgzeHZyaGk4NVg0b1ZmRTl3THplLWJzSGxGVmlzY0YtWkhMSG5zbTM5NkU4WDRpVll1VGw2MTgtblJQVUNmaktVTUpHb2daTXhBSDRpZThmTXp0U0NkQjVTSjZOcmVyLWtYWlBiTF82bjM5SGhsY3R0OS1Ra1YxUjZseXFn?hl=en-CA&gl=CA&ceid=CA%3Aen,quantum
Google says it accessed parallel universes with its new supercomputer,2024-12-15 12:44:30.767947,https://news.google.com/read/CBMiuwFBVV95cUxOeTFiUjN1VU8zRkpiRlRnemNPRm9GbUV1X0tPd2V4cUl6d0QyU2VrVmh1UGVNU25jZkM5WHNidHM5THc5VEhNYWVTeFRUb051bDh1d1ZueVh6cDVVc2c1c2YwQWI5M3RrT3Z0M2RjV05KNnh1cldnR1hhNGlXamVfZ2lHa2hiWUpxMFVUdmZFZjNPS28yc2pfVmpZODcxLWFxOHNiRnhMUENZaHRRZzJ0aUx2a1BicVpEdlBF?hl=en-CA&gl=CA&ceid=CA%3Aen,quantum
Discovery of New Growth-Directed Graphene Stacking Domains May Precede New Era for Quantum Applications,2024-12-15 12:44:30.768086,https://news.google.com/read/CBMi0AFBVV95cUxPTmtaVFp5N183cEdwNGxxUC16elJzbmFaRnR0cVJoRU5tWFNQblIwVDE5bF91U0pPSmJnNFptQkRUd1ItQ2JfbGxfTDVfRFhLVjZiZzJsb1NNR0dzRlNsWDlhdEdlbEN1UjhnSnZRVUZEVWp5TFJ3bmUyamh5ekx1N3ZqcHBzUjdUazVKZWE1alZoWHoyNUdPWE5ZY09vQnEwQW91aVNtR3E4Smo0R3puenV2c09QcllTRzdJRlJMcjlwSTdLM3h2MHFzNGx6aXB60gHWAUFVX3lxTE9uc3BRM2g0VGh5a3d5SVFoaDBQQm1rMUZHS1ZLM1VjQThFUzBuS01lUmF6b0gxQk5uNkZ1aFFRWmY1RjhhNmJNY1lvN0hhQzEzdVNSRTQtZDlzamp6eVdZOWJTZzZKMXk5anFmTzhNU3Bpd3E4WTdUSXJrbFl4ZUJzenVIZWY5V2trN2Z3emhzbEJFOGNSeFVVVEFWZ2ZIR1pzVkJ0VFNqZndYY1EzanNjYmNsTG1EMU5VT1FDd2JYRm1ySXl6R05NamhjX090dk0yVUFMU1E?hl=en-CA&gl=CA&ceid=CA%3Aen,quantum
"What Is Willow, Google's New Computing Quantum Chip?",2024-12-15 12:44:30.768780,https://news.google.com/read/CBMipwFBVV95cUxPLS1xMGpEVXVVQzVtRDlZbUNUR3U0QlFQcWZSOVhmNEtIclpQd01ITjRsSkZWTnpYcThFQ3M1b3BTZXhlcVRvZzlYVmNtSzlGcV9yMjROMEVjcEhxZGczZWlsM0Z4cVlibF95TEQtQU5sVTNJZW5qLVQwaE5DV2JRTHNWdHFVdVpfdHpzZG9UQzNwdC16YTEtU1lrSE1mb0tmdTRCZjdTTQ?hl=en-CA&gl=CA&ceid=CA%3Aen,quantum
Is Alphabet's Quantum Computing Chip a Game Changer for the Stock?,2024-12-15 12:44:30.768924,https://news.google.com/read/CBMiuwFBVV95cUxQSmlMWmtNTnVkYkJ2bUFFQ3pWVjNSTzA4RUdLa0dXOEUwZW1pWC1obU1za0h0NE9kQm5ndW1TYmtyRl9keXoxMzRvV3J6WTI4NS1RU001UTkxMWh2bGpOaVVFalFJeFJjak5UeS1WdGFBbko2Y3BHc0RvclZxRUZCSFl3enVpZ3RVSXhSM2FjaS1TcDFUSnpZdWZVRExESlRVQTlSLXpWWjk1RURzTnJtVmF5bWZaUFFVdEFZ?hl=en-CA&gl=CA&ceid=CA%3Aen,quantum
The Quantum Revolution: Investment Dreams or Financial Pitfalls? Discover the Intriguing Journey of IonQ,2024-12-15 12:44:30.769340,https://news.google.com/read/CBMiygFBVV95cUxPLUQ0SnZiZHNQV3VCeUtLZ3FKM2ZrSXM1aHBoaWhHT3NmTGF1VTF3ZWdyYU4zQ3ExeldJdWlCMzVGVktKdjEyRVg3MEdsUTR0Q1NJTFZqU2dUM2d4aElfdFJ4Z1Fqd2lkM1l4dTJScEQ3TE9ETkh5N0RtV0N2SEhXaE1MaWY1M2YyUDFhTEFQOFE1Uzlpb2tGMXpTSVhGUzdPV2Jvbm10cWxNMnhYY1lWSHU3VlhWal9kTFIwNjI0Vkl6dXI0MnNGM1ZR?hl=en-CA&gl=CA&ceid=CA%3Aen,quantum
Quantum AI Takes on Classic Games: Playing Pong and Crushing Breakout!,2024-12-15 12:44:30.769615,https://news.google.com/read/CBMinAFBVV95cUxORy1ZdFNDWHQ1c0xXUGNwZ3ZKaWpZMlp0UEttOFM2RlU0THRpZHBZQjhnWklFYjVoaFlDMEpyN3pRVEM3XzhxVnpNX3BsVFQ4Mzg5WUFoUi1VeWVnODB4UlhFOE9WUEY5czBYdWh5THlpa3FZQUZvdFAyWVpYX3FCQklmMUJ2ZFJPeTJ2UElFemh5b1NYNzExcEpIZDc?hl=en-CA&gl=CA&ceid=CA%3Aen,quantum
QTUM: Because Quantum Computing Could Be The Next Big Thing In Technology,2024-12-15 12:44:30.769756,https://news.google.com/read/CBMiswFBVV95cUxQbTFBZlpIQnlpRDFVa241MWJtWFdEY2tlNGQybDBwdFdlSkFJMlhqVG5FR1BOM2ExSHlCekxaSG5DVUlYODh4V2hPczV2d3JjREN4UmtLa1FETTJONW5BVWszY0d0OVFuNkQ1M28tMm91OHB4ZUptLXlFdGVQSkFrUnF4Y3VDT25wYVkycGVLcDY1STg0M3czdGx3dV96SERYb05LaUtoX2NVUGFnNVJIV2VHQQ?hl=en-CA&gl=CA&ceid=CA%3Aen,quantum
"Unlocking the Quantum Frontier: How Quantum Computing is Shaping Our Future | by Alok Agarwal | Dec, 2024",2024-12-15 12:44:30.770997,https://news.google.com/read/CBMivwFBVV95cUxPWUdpXzlFQkZoUnlXMktqbVJFbnA4ZHBxOVo3dHE1dzh2ZTBJRjRXNGREckJfRzg4dkppc1ZTNm90VHpIYk9tZmk3ZnVjQlQwTmZibC1RSEVFdU5BYVZNQ0RiMndRampnNlZzci0tSXBHQ252a0FhOXpWMU1aQkU2V2FYbmlvZ1FIdENXUjVWYlAzME9vNGZGVlE0d2RKRDE3UTZtWDRaVVBwQXl4RjhNZ28wTFpORmlzVms2Wk53VQ?hl=en-CA&gl=CA&ceid=CA%3Aen,quantum
â€˜Google broke time itselfâ€™: Huge breakthrough,2024-12-15 12:44:30.771183,https://news.google.com/read/CBMiiAJBVV95cUxQLWVpV2FfWFlQbDZHcW9xVXYwVFNub3lEaXVZamk0S1RERXhWUzFoRVhGWU1yUnBrOGhqLUVTRi1BOWpMRXFaM2RrVmZ6OGNmRE50NVEwTm9PcU9BUC11NTFFMmJPYkRlMkF6SDRScXc3NmY5Y2ZCR180enhRbGhQOUJLeThMbWtBSzI4eEhDYTlnRlRXYWtZRUREMjlEVWdHVFJBakdtQncycXl3Q3ZSLVdxSHB4S3NoYWdkX0lPbkhYRDVoQWFVOUZCM3ZsRGJpWld2VmJybFF1LUphNE80cEtpQTQ0R3AtNlh6OWZ2czRnRTc3Nm45VGFKY2RRTkgwWjFDWUk5Y1_SAY4CQVVfeXFMTTFrR0t4RVZWSEd4MTNSNU5OazNfSjNCUnQxQWtYc3Bwal90TTBwMTVsNEQ5YWlHV1JTeW0tMmtHMkp6NXFQajJGWHE3SzRrM003QXlJdGpvb0ludkQzWFIxV19pemRqLTRYTHdSYzRJRF9iN3NNT2V2dEpfSENBeGp0SzZjMV9CRzFFVnBhZWNDWG56ZHdUY2FGcEpwY1Y1a1BGRjFnTDRUd1Q2YjVLS2NQZF95c1NPbTJ3dkRrbktxaEt6bWdES1BTXzR6UzRZM08xV0VxRTA1TjAxZE55NlZ0TnlhNVFRc2d0WUQ3aTN2cWNkY3o4N2FxcVBlWU84RXlvc2NSeWtsUUllTXRn?hl=en-CA&gl=CA&ceid=CA%3Aen,quantum
8 Best Quantum Computing Stocks to Buy for 2025,2024-12-15 12:44:30.771608,https://news.google.com/read/CBMiowFBVV95cUxQWUlRSlBDXzA1SkdrRDh1OFVyNWVZMHdZbS1ITVQxNW1yVEtyajRiOGwyRkRqOEVnTkNDYndicFhfVTNpMkZwaVBPUFJZZU5MSldacExZckJTdVUyMFFXVFIzTGozSG5lcWc5S29KcHFnM25jOWpPY3Vyc3EwdVRaRE9pbnpwNmItajRQWVpOa1JfalVhRVNTZFM1Q1NaVjdsSjBR?hl=en-CA&gl=CA&ceid=CA%3Aen,quantum
Is Alphabet's Quantum Computing Chip a Game Changer for the Stock?,2024-12-15 12:44:30.772091,https://news.google.com/read/CBMifkFVX3lxTFBYcDVXV0JxU2lrclhxQUU4bTJlZEFRSnh5QkxlSGw0cTZDUk1CMUxBdTBPMXdvQ1hyNVVfSEVqRXA2VXVjQUVyYVRfZmIxQy1CT01SUXVyaWxLWkh1ZC1scm1XX2ZyUzZmcktOei1RLXh4SkJzbFp0MVE5YXNEQQ?hl=en-CA&gl=CA&ceid=CA%3Aen,quantum
"The Amazing World of Quantum Technology | by HammadSohail711 | Dec, 2024",2024-12-15 12:44:30.772241,https://news.google.com/read/CBMikgFBVV95cUxQcl8xRHZpRWd3R0paRXQwYmVoTDZOMlEtZmkwQXZaZXoyNTBFek9QNXY1SGUtMWNTeVNhZFJGTnEzdFJwY2lWY2tQRDFNMVpMLXp3SnBTUGNwNlc3XzBnTk5SRnpFcWZwdnBLNjVpdDNidVJMVHBFZ0NoOWxWVXltYmxGZllWQUhJUnpPTFdpdXZ1Zw?hl=en-CA&gl=CA&ceid=CA%3Aen,quantum
"OpenAI whistleblower Suchir Balaji found dead, Googleâ€™s quantum breakthrough, Appleâ€™s new AI features, an",2024-12-15 12:44:30.772398,https://news.google.com/read/CBMiuwJBVV95cUxQQUlETU9uS2MyUi1zNkJmQWtVRmVvUWxJbzN6b01OR3lDVFBiRlpzbjZEWE9mTV9zTWVsSU1SQjBheGd1ZzNTOG1XaVRIdW91VVR0Q2k1TWlaN3kyNWdERU5YeGs5Wm5uVVNhRlhVVXZYWFJYVW9Rc3BhcF9sWXFCQkxfdjFHci1ZVktrZ3M1MXFPbFBkdzR4aGZEOTZKeFFMUVU5RHdiTEhybV9RWHVqbVMzVVpSM0tuekVDRDZpeUVhZWdJalVURUpxZEVWbGM0alhvYU9ZOUxENTBFTjkzZVcydWw3eGtEN252WUpwb1Ruc05NTE1GeTlENDhBRWd3OHQxUldjRDRfWHNxR0tNaDI4N1NoaWt0blhTRTZKSWFmMWlVMnZjaks3eTJkc3Vxd211NWxWRTBMYjDSAcACQVVfeXFMUDVJRXhHc3VkNG94Nmo5N21WaXpoREMzbks1VHpxQTM0ZlV0dU5FaEItN3RVQWhTd05Rb0M5Q0JqeVNnZmFLa1NUU1NVVzhuQUhydHowbjVpZnhWUDhYM21KclB3ZXZqby1tUGp3eUJsUlVuMzJiSmV6Y0swS2J3bXBOWUFpanZ1TVVJMDJLS3JrQ3lPZlN2NWNWM24zNXgxQm9GODNMWkg3SjBVdllBanU4OUVNTS1GZDBJNWtXTDhXellPcDctTEF5WkpzelBRZGNrTXdjU2NLQUJHTmhGOUxJT2ROOXY2bVk2T2lWTVVXNUlKZll4LU1CMlVGb3NxZHJRU0lOMWtJLTIyTlhudzRzaUNSdXZoMDJwZTBpajJhZnFoN3BXTmxpRTNrNUV1VHVRVElLdFV5MW84cUtRY3o?hl=en-CA&gl=CA&ceid=CA%3Aen,quantum
Ignore the FUD: Quantum computing wonâ€™t kill bitcoin,2024-12-15 12:44:30.772541,https://news.google.com/read/CBMi3AFBVV95cUxONmJGU2ZSNEhYamtPaExnZVAxeVRTZ1ZjZ0FMYzU3RHdScjBMeXFZVXliYWt4cVEwakJ0VkE2amtreEE0cGtFS24tUUdNeEcwMkVDZ0lQMFlxN1FfRVdhV3dLUkJNbUtlY19wcG1jbWh0QlJwN1E1eHBsRHlGUW1MRnE5cWstTzNXWHJmYmFwdk80TF93UGpUUHNVb3lsampxUzg5YkdQcWstUWdWbGtEVi0yUERkWVM4WUp5cDNZRHJVcjBiNDZQVmdjV0JpQ2NGVl9ZemV1RW9kU2xy?hl=en-CA&gl=CA&ceid=CA%3Aen,quantum
Intel Stock: A Value Play in the Quantum Computing Space,2024-12-15 12:44:30.772689,https://news.google.com/read/CBMivwFBVV95cUxNSUhCc2dZZHhxVTZYTW41akhMQzdvQnhHSlVUWEJYV0FHeFBwSmNrRGNhSFRYVmRPMkV6R1FTaE5sN09JNVo1VGRaWWpLN3VTTXlocFFQXzhzaHdCMDIzU3RPVHdQczh4cFF0UFlIMFkzcVFjQW0xMzA5RGFxYUpjU2tZc1htai1tenFJVGRDTzAzTmY3MVFTSWg2Rm96R21VS1E3OVkyRUdqWEgwSjFFVjhwbWdreFloa3JYNmZaZw?hl=en-CA&gl=CA&ceid=CA%3Aen,quantum
IonQ Stock: A Millionaire-Maker in the Making?,2024-12-15 12:44:30.773695,https://news.google.com/read/CBMikAFBVV95cUxNU0JZSktEZU1WSVNHYzUxVUtYbkEzQ2h0RlNsM29TaXdZcUU3b1RacHZLZDVDSGtoVmttV1ZTQW5ldzdXMUdRZEVVZXRzUXdKLWdLN0NOQmR4bVB5QzFudUhOSXlIMmN6MWdQSlJmWmJJR2hndUFjQ3h4eW1ucjlmbC01Z21xbU9EMkJIN3RWOTg?hl=en-CA&gl=CA&ceid=CA%3Aen,quantum
Quantum Leap! Alphabetâ€™s Bold Move into the Future,2024-12-15 12:44:30.773837,https://news.google.com/read/CBMiggFBVV95cUxPZ3ZMcm1XOU4wb1lwMzNlYTB4bWV5Smc0cFFqOE5hZy15UkVCbTZWTVdvWGhwbUdMU1Z1dGthUmxWbEpCZVVGUE5GejgwdkJUbUs2QnJrejJoalBCeFFvbGF5OG54NHdud0pvRTZEUWZEQ3JubmtfTTVLcHd6X3FsamlB?hl=en-CA&gl=CA&ceid=CA%3Aen,quantum
IonQ Stock: A Millionaire-Maker in the Making?,2024-12-15 12:44:30.775254,https://news.google.com/read/CBMiqwFBVV95cUxOY1hfY3hTRzZLQnFhWF9ldkNtWnFUaEZGSXEtSjZrODJJTkdpNGNGUFRqSWVhSndhWTJBbmNGSXZRZDJLR2JCVmlHQnFFaVo5aVNtVjFYQUhCWjVLYkVYb2NQdnRiNjlZNmduaElvaUVUcmJCdkR2b0hLRF9rOVpDR2p6YVRwaklkODhFRl83VnVYNEtGS0c1YjNVYjNSRFpFTTRUcDVrTGtITGM?hl=en-CA&gl=CA&ceid=CA%3Aen,quantum
Precise control of quantum states with extreme ultraviolet lasers,2024-12-15 13:44:30.764567,https://news.google.com/read/CBMirgFBVV95cUxNaHRRbEpvbmUwLWVnRDEwVXo4ZmM3dWdHdUtkTU4zdk5qWlpsLWZWMFZhMTZETkRlWnVMdGE5MFh6Y2xnenpsTUpPajk3NHo3b2RXSzRFRm10Wk1hOG50Rmp4dU9jRllOa0FmajA0b3RfVFN3NzAxdXBRVDNsWkdpalV2aVBIRXk0cm9lMEdHSml3N05xaFdSTVBRY3h2ZnIyY2JGZ0NNdER2VTNNaXc?hl=en-CA&gl=CA&ceid=CA%3Aen,quantum
IBM will build new quantum computer in state-backed technology park,2024-12-15 14:44:30.774548,https://news.google.com/read/CBMisAFBVV95cUxPZldOdkxqelhkdEF3ZWNiMWo5SV8xeURrcC1OT2kzWHF3U3cxamxvZ0tMd2ZHWnJxT2JwdTR3cnJGMWZjdk53MlZrU3Vta1pfeXhaanRsS0t1MllaZkpPTk11VlpEeHJtdm1lZktJWTRRRkFvNnpDN0FycXAycHhPUVRTR3N0ZjFRdWF1OWxIUkpyRHBxUGhtdWdKWUNoTjI1SmpTcHdzc0dmZDd4OFU1Nw?hl=en-CA&gl=CA&ceid=CA%3Aen,quantum
"No, Quantum Computer Wonâ€™t Kill Bitcoin, PoW Founder Shares Insight",2024-12-15 15:44:30.769065,https://news.google.com/read/CBMirAFBVV95cUxOZjhEZGllaUdKUmE2NW1Ka0RzWGlrX0lBOXVPVFlEVzhsajlfLXFGNFNBNEtjUkJnaVdsNkdreVVaeU9ZVHc3cjdzZHVybG5ESlZCVHFxY1ZpYW05V3BkcmV4ZHR6WjU4YTRWNUVPWm1VeXZEcllteWtZUDJCTldmR2lPNEZSbWZzQnZneTViWGlqMUlIdEFfaUZlVFhKbXZTOGRzZXdvWVp0b1Z40gGyAUFVX3lxTE9oeTVsREJWaHdQdVhpWHFoZEt3RElDSllNWGVNeDhhTHdLal9yMjFET0g1RWxIWGdDRFJFdER5YzNoMEU4Uy1BanE4RmJKNzJJQnlzUFh4dXNYQnVnOTN5ZGFPY0xVa0dfTkFxTmZZaEdwRVdaTnpnMDdjTnZpWmJvZnhIVlBFVGV4V19wWGJmLXZiU1dna0NCNjFSa3FDSk0wSVN4eTE2eUl1Ym82dFFfMlE?hl=en-CA&gl=CA&ceid=CA%3Aen,quantum
Google's quantum chip Willow will crack Bitcoin's encryption? ðŸ˜³ðŸ¤–; Ripple's stablecoin wins critical NY regulatory approval ðŸ˜³ðŸª™; Shift4's global expansion accelerates with big FinTech M&As ðŸ˜¤ðŸ’¸,2024-12-15 15:44:30.771778,https://news.google.com/read/CBMigAFBVV95cUxNams3QmRYQWhVRHFHMXFoeUVNdEp0aWdSN3dKYi12LXIxcWsta3psX2hfX1h6eUZfZkE5cFNHOHZNaG5OYlljS0gxR1Q5V3ZNNzJKZGVQdU1KTzhoQjc2ZEpMZVBKUGljMFpKRE1iVlFHZE5CNm5td0ZqRjkxUkNJcA?hl=en-CA&gl=CA&ceid=CA%3Aen,quantum
Google Announces Solution to a Big Problem in Quantum Computing,2024-12-15 16:44:30.760808,https://news.google.com/read/CBMitAFBVV95cUxObzVPMG1kMmJSczMxN0FSc0luU0pnVGtTMHE0TXJmUG5zZkllY1dDUmdUb2RVVjNUQlVZSjdkMzZySV9MYks2N3JQbkdZMzBGM3c5bU1kVGtyVG4tam95cmRrQ2R4VmRZNTRMWndvQTFjbFhjTWpfQ1lvODVDMHB1dXd0M2hlV2ZhdDNNaHhZQ2N6bmtsVGxSOFBLaG54ODE0TWMtRVkya0dOaU9IRVRSTHA4R2TSAbcBQVVfeXFMTTFqRmNhZkJfN2tWRTZWN3pZb1lwYzJFRDE4Q1BUR1hXYW9HcnM3bFVCSW1QaW52WGJjNDdtbW5ORURldk9oVnozWUw4WkFzZlQ5clZIRjRacjNkN0VERGUtY2U0Znd4MGtJYXotR2MtSWFVT0o1SUdOeE50alZaNUtwc2FDNGQwbl8zQklvclFXdE5xV0tnSjFna2JEdTU1c2xxeFk1SGt0THhBaGFUQzRuYTd3V1Fz?hl=en-CA&gl=CA&ceid=CA%3Aen,quantum
Google claims quantum chip may prove existence of parallel universes,2024-12-15 16:44:30.764249,https://news.google.com/read/CBMisAFBVV95cUxPWjZWMUFYNGdUdWRXUU1ORHFBWWlZSDNFYTVpRU0yNU9UZHFiRnJRWllXbnpNal8zV0ZMdzdwd1Q0OWRQa3o3SjVTUFRQWGx1WEh6bDdfS1ZYT2dJOFV6ZmZCR09NMERYZmFnSXhwcGVlVGNJeXlRVFJ1d1FjR3MtNVdqSXZ0a05kX240VFJvd0cxX0twYnpicktWdnhsNFctZHFZWUJfbWZrcG9aUVl3Qw?hl=en-CA&gl=CA&ceid=CA%3Aen,quantum
Is Alphabet's Quantum Computing Chip a Game Changer for the Stock?,2024-12-15 16:44:30.765259,https://news.google.com/read/CBMi0AFBVV95cUxQbkdmcFBTeUpkN1dUTXhHcVNkZE54VnZfSm5kelQ0cE5BYWI0NFUzdy1wU0pSelNKOWJ1NVVpNWduejlENkVfS3U5YlNMdkN4OWV1SmthaGlRejU3UzZyQXNYN3V4dnhmQWh6T2puOGd6V2FUeTRTM21UU21nWV95UTd5XzBxd0pPb2FLTVhrM3JBZnVQWi1fbVRVRkpYSzBMVFZzTmNLZmUyblRlbzlYcnZTU3J1dG9mMFNUU0RxZmItWl9FMjd0ejZBVTdIekhv?hl=en-CA&gl=CA&ceid=CA%3Aen,quantum
Mind-Blowing Quantum Discovery! Are Parallel Universes Real?,2024-12-15 17:44:30.770027,https://news.google.com/read/CBMijwFBVV95cUxQVDduQUUySmhnQ1NSUGVMd2UxNEM4aGEzLS1XQVRua3hhUkpQUWxOZUY4SEVIU0hFSV9PRFVTNVRtN3N3NnZ4aW40X00yR29rc1ZUcjl6eURUeV9yQ0hGbXVqRXpDNkhEN3U2WGc1MzlKYVBDWFU2dHd6eXo3UzJReE84R2J3cy1IZHZVQ0pYUQ?hl=en-CA&gl=CA&ceid=CA%3Aen,quantum
Quantum Leap or Just Hype?,2024-12-15 17:44:30.774974,https://news.google.com/read/CBMiY0FVX3lxTE5PT01aczF3MXdvU3U2S0p0eWw0UG1TUjBGOC1NRzFZOFRMSkYyTWJvV3N1X3I1WG5tZFM2WUdxa0RBWG44bEwwVkNLVDAwdWRQekd5X1dobDE0QUdsWm5iXzV4UQ?hl=en-CA&gl=CA&ceid=CA%3Aen,quantum
Google says it accessed parallel universes with its new supercomputer,2024-12-15 18:44:30.763176,https://news.google.com/read/CBMi6gJBVV95cUxOM0ZvbGMzei1hSl9taXN1dWF6c1hibDJuV052bHlvRS1QbzVIclliQ2pwOGlzalVGcjh1Tk13YzFFVmdIU0FlNThBcVFDOVNkamxSMUVGbTVoMUtySzA1Wmp2MDFzTkZ1YThFdjhQZ0xXOEJCTGM5ZWUzb1NPemQtSG9XUEw4Rm1jWWVSNDNENUZZTGNvQ3pfc2MwalJVZEd4OUFzekVvQ3FpaWZCUGY0UzdpdVJjMXhVeVFJWG9BWkZISXgzUGI4LU9pMmJwV2dJMWwwc1dyZzNlU3dGR1ZrNzFicVBjbUM3T3EtaTkxWFlPckVKYXVueDFiOHhYUWUwY3AyY2hUOVlYMkdEbVZsd2luZlhuRDNuOTBLbmZuZVYxTEFldDBQcWE4ZVNBNVMxQUNyOWRsQlNmWFByZ3FRWEUwdkhoUGFzalNCNXR2aE4zakZGWFd3VGpzdmNhd2pFMnBPbmpkckNsQQ?hl=en-CA&gl=CA&ceid=CA%3Aen,quantum
LGU+ implements quantum-resistant encryption in optical transmission network - ì¡°ì„ ë¹„ì¦ˆ,2024-12-15 18:44:30.770164,https://news.google.com/read/CBMiekFVX3lxTE5Nd3FOcl9vdXk3TDZzaXdLR3AtalNfdVdrbXBsel9FRGF2LXhTWFBzOGQtU1VERUtrUER4YXFUYV8zWjc5eG5YTmtoNERVelVtakp0eU9SY1Y3R2VUQVN3OEtNTXdEQWJiMmVDOFhrM0puTkVTQkdRY2dn0gGOAUFVX3lxTE53OF9XYmlWNkd2dVA4R3IzUTdXZFZENG1JYzRSeDJsVmxzMkk3T2Uwdmdod1FfRUlQc1JMNjVZcFlQRmdFNXcwTlBGOFg3MEFyOHlxSFg2VTQzM0hUQkZXX2VJd0I0VWZ5a3QybHl1clhuZEJWdkFTd3pXeWpVUG1nN1JLTUNTNHNEZDdYVGc?hl=en-CA&gl=CA&ceid=CA%3Aen,quantum
IBM will build new quantum computer in state-backed technology park,2024-12-15 18:44:30.770440,https://news.google.com/read/CBMi7gFBVV95cUxOZnBEdlRIaHlnY1lhRWtQMGhaeGxzeFVLNm9UbnBzNUc0TjVqdUt4MUlIdVF4dWw0SEZXUzMzVW82dzBPcWQ2V21fNDEwdlh6MkVkTE1kVUZnbkVQalBVUThYVnVlNEtPV0M1ZmluMk9nNzlGbkdPZjJuYi1faEw2T216MTFaYjBEM3otMkxzVVBqU0ZKNGNKUUQ4eWszdTVYVFJhQ25ZWjZzb3p3Mjk2WWs1dTB2NXVoS29MZjFqc19DbXJ3ejBEelVXd3JTRXBfWVJKcmI3YWZ5QVBFRE1MUUdWNm01cUpmdlFmNW1R?hl=en-CA&gl=CA&ceid=CA%3Aen,quantum
Everything You Need to Know About Quantum Computers,2024-12-15 19:44:30.766670,https://news.google.com/read/CBMisgFBVV95cUxPYm9kSjBLSGs1YS1SQ0VEMUh0VHhha1d1MnVBRmFhY1VPX0VXY201NENlUGdlcy1GVWh2T0R0Tzhsajl2dnU4dW1IWW1RazVTT20tRkN2Y29ZSUNCLVFZMGdvbUlIdkZTOGNkZkljbEhIbGVGc0lMdGJlR1RMNVFJd2pMd1prQkFsc2pYVFlETkVOTFl6R2hQejZXX2hma29EVWNDNWhqU0tjVnhUMUlicmVB?hl=en-CA&gl=CA&ceid=CA%3Aen,quantum
"STMicroelectronics, Quobly partner to boost large-scale quantum processor production - ì¡°ì„ ë¹„ì¦ˆ",2024-12-15 19:44:30.767526,https://news.google.com/read/CBMijgFBVV95cUxOR2xEYlp2QVlvZk1vMGhqMlF2TEo1T0F0Ump1Ni0yM0Zmelo2amNWT0hyRFZSZlE5QXp5Y0EzRnZ0X0dnQmRvaUE0ZlpPVU5zd191bjdHT0xSVFJlUTVtbWplZENCZ09YSzA2Y1VkVWVDSFVsYXZxQTFyRkJKMDNDN0RKVFNyd2ZsZlFDSkVR0gGOAUFVX3lxTE5HbERiWnZBWW9mTW8waGoyUXZMSjVPQXRSanU2LTIzRmZ6WjZqY1ZPSHJEVlJmUTlBenljQTNGdnRfR2dCZG9pQTRmWk9VTnN3X3VuN0dPTFJUUmVRNW1tamVkQ0JnT1hLMDZjVWRVZUNIVWxhdnFBMXJGQkowM0M3REpUU3J3ZmxmUUNKRVE?hl=en-CA&gl=CA&ceid=CA%3Aen,quantum
Why Google's Willow chip could be a quantum computing game changer,2024-12-15 20:44:30.761290,https://news.google.com/read/CBMitwFBVV95cUxPYmhhbGdHMklyMW1OaTNhRmhkWlRIYzBTQWxMNnU5OXBORWU1TGlkZTRaV2xDZGVaTW9wT0xGYnBZU0xpbVp3cVhjRVhfZXB4elREWVR3alRaaVpsUFEwSmp1cWoxMXItYTlLTG5IOWNHekFWNTl5QU1TNEk1eGM0R2MxZ2VqMGR4cmNKLUhWR1R3cF85M3BwcDJYby1FUkVyei1BTklEVG8tblBKV19pS3FyME9ZR00?hl=en-CA&gl=CA&ceid=CA%3Aen,quantum
"Dual Layers, Infinite Potential: Scientists Investigate Novel Quantum Materials",2024-12-15 20:44:30.761639,https://news.google.com/read/CBMipgFBVV95cUxNT1Y1bHVDTzNod0lEX0F0THJzSmpVRkxBcURQazVUUVlZTFVmWTI1MnpISnpJSExJeF9YSi14cEhSeTh1WWs5ck9oZFdUdkhsbTdWTUlHZ29YRzItSldQTE5jQnRScndONHdScTVUSllnSWVRVzdLWmtLUFZxOWFsSTMyRDFfVEF4dVpVWnNJXzdzdTV1VTRGWkFqVVBJOUhYaVhIVENR?hl=en-CA&gl=CA&ceid=CA%3Aen,quantum
2 Top Stocks in Quantum Computing and Robotics That Could Soar in 2025,2024-12-15 20:44:30.763892,https://news.google.com/read/CBMifkFVX3lxTE80Nk5Ld2VfZWxHbzloSVBzeGRTd0h6dkRLOG85al9JX0RaUjFKNnpFdW9CRVZjdld1Mjd3dTAzZ29QZ3dvb3Vhd1NrWnYxM1Z2NkVhcDV5eC12d2ZacVBWSGlXZG1FNHN4Qm0tUEswYjNBM3JKRWJwUWhWRzJYZw?hl=en-CA&gl=CA&ceid=CA%3Aen,quantum
WISeKey Advances Secure IoT Connectivity with Upcoming WISeSat Launch with SpaceX,2024-12-15 20:44:30.767117,https://news.google.com/read/CBMi0gFBVV95cUxPOUE4QXRyaEQwMnkyY05ucThvbjNGOWpSNTE5eHotcmhWMVpjZWItS0RNN2tZVUpnMk83NWRCV2RHcy1kbnFaSlJkYk9ncThZWFJHVm9feGkzWFRCUTNJYXNEN2lmOGlMVHJ6cmF6VFF2bTRvaGFsUE1GVmZ4anM4UVJ1MFRIdUJaWUtHNWRETGdwQkJEZEVObzJVYjFldGQzRF94X01fUmxFTTJ2VkdfUmlLWElCN0VfdkgwdzFYb09vb2R3SGN2WEpia3l5eE9jMWc?hl=en-CA&gl=CA&ceid=CA%3Aen,quantum
"Synergy Quantum Provides World's Most Advanced QRNG to C-DAC, Driving India's Quantum-Ready Future",2024-12-15 21:44:30.761795,https://news.google.com/read/CBMi6gFBVV95cUxNY242bjFLWDd5QXdDOGNmZ1NaQllsaWQyNU41Z09wTTRVWDU1THZnRjVocHJMa1lrNk92Z3hDd2pQTllyZVFOMndzUnNVZ09LRm55T2IwXzlBdEJGVXEzR01Vei1sYXRhcHh6VUtEUi1zQVNia2hEQndubGJiMUlCWDU3NkVhZzY5bWlQUDRBNTBJVm1zeTZYQjVIRHVmMFR1YUVWTFlwZ0JMcFpPVzd1eFM0OWZzWUlTbTlza0Q2VEMzaWNXY0RBc0w1THE3c3hmQ2RoWGZ2MGNmc2tvMEtnTTFlUnlpOHMtMEE?hl=en-CA&gl=CA&ceid=CA%3Aen,quantum
"Googleâ€™s Willow: A quantum computing breakthrough, but hold the bubbly -- for now",2024-12-15 21:44:30.766393,https://news.google.com/read/CBMizAFBVV95cUxQMDZPYldYQjJTNUhiTVprZU5iaXJlMjlyS3Y2N0JOQ29NRWp1dnBTTGJHQkVOdTFoRjBXTHEtSVU1bWVqVDFDWHRvaFdDZ19kV0V4Smoyc202S19iTERFQlV2VFZHb3NYU2g4Y050ZGxaNmI3Q0lZS0lXb3Q1OHlVeXNJNXpkRkVuOExpS0ZzS1dQTjYwRFllYkhkSUZuUWEybDUyZEtBRW9XdHYzT1ZZVS0tM3YyV0U4enVSbVR5NFBZX2NRWmxoRzg0bm7SAdIBQVVfeXFMTXg3NG1lNjYwN2tqLUtJTS0zb1hXV2pIbW9aZG9QZzB5QWhMT3JSdGpnQzU0Y1BLUHhpQ0UtYVNDWTQtbU9NN2tyblNOd0tJSE9rMnBaY3Zfa0NqbXZ2X2tOeTN2dk9LRXZRRURrUHVVM3B4ckVmWGVmU0xxUldJb0VacUR4dEh0V0VEY05FcW1peThSMm9IQzhQcXpkMk5KWG8yNzhNQlE2dHYtNl9LeWZMMUV6cjFkM25odmVGSWRpOVpWbV9KR2RrZ0hFS0hhajZB?hl=en-CA&gl=CA&ceid=CA%3Aen,quantum
Unlocking the Secrets of Twisted Light! German Physicist Wins Major Grant,2024-12-15 21:44:30.767388,https://news.google.com/read/CBMiogFBVV95cUxNSDE2elFTZzhMN1UxM3d3ZWhsOEVlTF9fdF9sbUZRWmhRMUlMb09JN1Q2cVFHWFdnLWs2WVZ3V01XYXRaOEZkbHYySElpU05VSlpCZVowd3JMOVVUZE9EQnBucGdhWTFkYlJUeTRtRFo2WkpfOGh3Ni1YaUVCcUJKVGp1c3JfWXNNZFZaeVBTVmpudXpPQlB0SUFHR1dQWURueHc?hl=en-CA&gl=CA&ceid=CA%3Aen,quantum
Revolutionizing Quantum Security! Discover Indiaâ€™s Latest Tech Breakthrough.,2024-12-15 22:44:30.766814,https://news.google.com/read/CBMiowFBVV95cUxQUnNMQnp3a0d1SFZHMC1YWndFWmVpdmlFbWVXNzN2MWt6SkR6QlZESERNaXExdENUcXJrQUgzU2Q0Z3pZcWhVZ0N5czdKX2EzY0YxWmpjNjJRUzZQbFZWVGFkSk9vVHI4RnNjbzJGUW9DYi1heFpWUzdPS3RsaHROdndzYVhEZkQyaHNRRE1CdVJSWXZIcXEtUlNvVTZhMHdTUWhn?hl=en-CA&gl=CA&ceid=CA%3Aen,quantum
Ripple's Quantum Leap? XRP Prepares for the Future!,2024-12-15 22:44:30.771938,https://news.google.com/read/CBMif0FVX3lxTE5ia1BYbHg4UXc0Rm1HQm10U3l0NnQ5UDdMazRnQjQwYmw2eEFnVklSS3ktZVE4VFhqOV9CaWhwYUJsNi1hR1o3MWE5U2lKZjdZSUgtVkFQS1RrSzM4TTEwRGNJZFpmRmZlRndpdVZrcWdkOGpGRDVkNnpsOUM1TE0?hl=en-CA&gl=CA&ceid=CA%3Aen,quantum
University of Waterloo - Using quantum algorithms to speed up generative artificial intelligence,2024-12-15 23:44:30.760630,https://news.google.com/read/CBMi6AFBVV95cUxQVGZmdUhMWmNTb0c4OFR3WUVGXzV5TWxzLVdiRDc1bVJ4VTgydTJIYmRURy1yZUQ2S1ZxdDhnWUQyZGlmUVFmUkFLdkdvVjlsODZBZ0hMSmVadVBQcVYzMm50VnVrQmJCeFJZZDY3ejBTWnpoQ3VwV202Wm92NEdUVVZkNUFzQ0FrMmh6MXFKdmtEeWZhYXBqbGNFNG9BaHRxanRuYzlQTENDeXoyM3Vhd1J1Mm8taEdSMkZhOTVUMHZJb3QyTkJDN2lCNWtPM1M3anQydERvWHdjOGpTWnktMENiWTdOQndX?hl=en-CA&gl=CA&ceid=CA%3Aen,quantum
Googleâ€™s Code-Cracking Quantum Leap: Hereâ€™s What It Means For Business,2024-12-15 23:44:30.760976,https://news.google.com/read/CBMiwwFBVV95cUxONU9QcFJJZDdQejVCUlY3UE1zUXpOY3pfUkJybF84d0VISHdHcE9XbEZ3bm9ZUjBuUkdvNXlyTS0ybEVnZW5QZ2t0eUNsN3RhdnpCYmk2emhDWUExa1NiTzg4WGtRajlqZUwtQi1uOFZyZldfZUkwS3BENmFzeUNncnhHUTlpZHJUdzd2MGFET0J3VjlyOWMwTWVpakUwdHJCb21ZaG0ybXA1LXFvck1aZEppWTFFRVdCNGhfQzV4dDJwd28?hl=en-CA&gl=CA&ceid=CA%3Aen,quantum
Quantum Computing Inc. (NASDAQ:QUBT) Short Interest Up 22.6% in November,2024-12-15 23:44:30.762534,https://news.google.com/read/CBMivAFBVV95cUxNLU5PU01TRFNfVktXbmNjaF9qV1EyZThoRFJnMjV1SWNjVnM0bzhkSGhUS3NPU190Snc1amhtdnNrUU1Lb2M5am81a0JmWmJaMXZacXN5V29Oem9QUjlvbXNWQnZkaTJIV0gxVGoweXpVX1VCbnpZS0g4YVJWZksxUjlUVDVvV2taY0lMb0VXX2c3alZoV19HWjZXUHJrLXRSTWNveF8xM050dWZJUF9sLUtOcmFuX1c4VG1JUg?hl=en-CA&gl=CA&ceid=CA%3Aen,quantum
Techno-optimism: quantum computing,2024-12-15 23:44:30.762673,https://news.google.com/read/CBMickFVX3lxTE1ybEdrbUI0WXBZVVBDdGF2bHA1V0UtQnFnUllvZlpmeldtSXVaZHM1QXBiUFdqemdnVGpvdTNEVnlPOThWVXNzbFNNblZEYUJNRmZReUYwRzJMN2wtOVB1Slc2WnJ3SS0taDFwdmF5VTFDQQ?hl=en-CA&gl=CA&ceid=CA%3Aen,quantum
"The Rise of AI Agents: Integrating AI, Blockchain Technologies, and Quantum Computing[Book]",2024-12-15 23:44:30.762816,https://news.google.com/read/CBMicEFVX3lxTFBxMXJwM3FzZjdtOHBYSkdLYk9wY1NXOHFXRHdGYVFDU2ZUX0U5WlNlZ1FzUmtNTlo4MVZpZFZIcEZEc0R4RjIwWkRQVVZodWlRZ0RZek44bXlHQWo5SmJLcV9XMGxqX1FTTnVSaEU2ZDA?hl=en-CA&gl=CA&ceid=CA%3Aen,quantum
Novel quasicrystal design further â€˜green lightsâ€™ topological study of light,2024-12-15 23:44:30.765829,https://news.google.com/read/CBMiygFBVV95cUxNV0R5ZXRuSzNGYmNlV21QZjBOTVZKVlllQVppaHIzaE1aaFhFZHNGVmh0Q3dfOFZMTEREcmRtdkx5eW1nMm1QVWZwZHFncDYwWDV3YjcwMVNLR05IYVF5WmQ2MWRvVzZvZV9KcEpVbVN4NFhtMFpxcFMtT3RHRV82dE5YOV8yWml6SVBRT2daWXlCeUM3NEJNYnA2bWVCeV9yN3hvM1ZEaUhHNFZsVUhSWFZxQWE1NlVBTVVNLU9Jb1FleHdfX0Zha0xn?hl=en-CA&gl=CA&ceid=CA%3Aen,quantum
Synergy Quantum Boosts Indiaâ€™s Cryptographic Resilience with Advanced QRNG,2024-12-15 23:44:30.768365,https://news.google.com/read/CBMiyAFBVV95cUxOa0JzOFo3QXJxclYzV05yUWhGN09kZGc0VXpxenJSTlJBNHFPVWxuazlVc2dvbmtIRU1Db00tUmNfUi1MNUpUbTRvbjR6Ym9CYTFHT2xPMHdtMEJVM2U4Sk96aWRUblIxRGhuVDhNdzZBRWhiaE8yMmUteXJ0NENvNGVKQmpKbm5JbFNfcU5yY1BuYVNRTWJOUl9TdkRnQ3QxOHV1dEotVHU1MlA5VGEzYllNOTY5Vm1RSEhxdVFUQS1ZODI4LUstaA?hl=en-CA&gl=CA&ceid=CA%3Aen,quantum
Google Says Its New Quantum Chip May Prove Parallel Universes Exist,2024-12-15 23:44:30.768508,https://news.google.com/read/CBMi2wFBVV95cUxPOHlscXFhTVljVU5Ob0FHNkg4UXY2VTAxcGxBcThKVkpUcndpNmxwUldjTU1PT3U4cWE4ZnVnQTllM0xjU3FqMzVnWlJfekw2ck0xMG9tZ3dfUTl0OFVDR2NkS1hQQjBhUlVsbFlRUk1kTWlPU3BlOC0wazcxRXE1YTBQdk9SRGkzQlM4YU1tMXZUUDFfMjJXT3R1ejlyTzVINnhZYXFjOGFoMGJuLWRtMU9kX0ZxM21LT2FaRmhPUF8zX2dMYlItWDZmS05PRWtjTExULXc2bXlNTEk?hl=en-CA&gl=CA&ceid=CA%3Aen,quantum
"Synergy Quantum Provides World's Most Advanced QRNG to C-DAC, Driving India's Quantum-Ready Future",2024-12-15 23:44:30.770301,https://news.google.com/read/CBMi2wFBVV95cUxQMkM5VzVqUGc0blVuc1dVOUhyVE41ZUtGTG03bnQxbVhNS2ROMW43eUVDSS1NbC01eTBVdUViVWFEa2xGdm5IckhKV1dINnl1MUZLU0VyRWcwQlVxUGNOa0U5QzVBdzlVczQtd19pRlh0UFZTTklGbTVGaUpnQjM4VFZId2lDVWpCRmFaUl9iRUQ4ZzJTMnJuZWxHR3U5TlNfLTE0TktydGVvZFh0eFQ2RVg0MkxSbWxHVW9HRFA2M1RQc0tIajZHRFhNdFcxZENxbFVvUksxd1M2YWs?hl=en-CA&gl=CA&ceid=CA%3Aen,quantum
The Quantum Threat Is Here: Where Are We? Quranium Releases Enterprise Quantum Readiness Survey Results,2024-12-16 00:44:30.762241,https://news.google.com/read/CBMi4wFBVV95cUxPVVlYTTVSWGl1dDRQcWJDYi0wTW5Oc01qUi1FSWpKdGI5STJnTnRzUE5RWDk5MDlneWlYWXdySmducnRLQXE0cFJVUTloZTM4VWtRQ0tOTmlseXdUVHlzU0U2U3dUbm9yVm9WYVdiMGRTX0pIeVFibmxEeDl6YjdDeWhEOHVxaVZrWnZHYVAzaGs1QnNoWjRqUEVubEl3WVRhS2czXzFWcTI1ejUwbUZfZXFqTTUxLUZEcjBWZy04U2tWRlhaT2F3bmNpalQ1VUo0Tld1LTJFbnJfbHJhOWhGM04zUQ?hl=en-CA&gl=CA&ceid=CA%3Aen,quantum
"The Most Powerful Tech Humanity Has Ever Seen â€” Willow, Googleâ€™s Quantum Tech! | by Naushad Sheikh | Dec, 2024",2024-12-16 00:44:30.762388,https://news.google.com/read/CBMiwgFBVV95cUxNTnhZSFg3by1ITFhtNzdKTV9VcXZzSEFzZDlPcHdOZmhweGt4NUhpVzVYWmRicU8zXzRBOV9ZbnRKM3Jsc3RzLV81bGJlaXd2eVRaR3JWSkxGNlJHSnVPTmRfdnhUY2pEQ3N1bkFLanhNdENldkxDWGNFdzFRWlhNa1JZMy16MUstZHVkbTNYZUh6UGhhbE5PcFBwRHM0QXRRY3Y1cDFUSk5QN1A3TUJBZTZtOHlsQXZ6aDh2LUZaRFZJdw?hl=en-CA&gl=CA&ceid=CA%3Aen,quantum
LG Uplus's quantum standard recognised by standards body,2024-12-16 00:44:30.765967,https://news.google.com/read/CBMinwFBVV95cUxOT0Y5REpIcEZZQVRKNTdRUzhzUjhjdlAzd1E0OFpKY1ZYYkk1Y0ppQi1ZalpJSzVhSVBnYVZFT0luLTNsUFZMelNfMW50Rnd1dWluQUZra1o4dE9PVHVhM0V0UHo1X1hnZnByQkZyNGVuNzFTOEFsQ2VwY0hWWE4tM1l1ZGU5SmtuMFhURnJSclhtWkNFeTFRcHE5ZGtrbDA?hl=en-CA&gl=CA&ceid=CA%3Aen,quantum
Ada's Quantum Leap? Cardano's Bold Move into Quantum Resistance!,2024-12-16 00:44:30.774691,https://news.google.com/read/CBMijwFBVV95cUxPdk5QelM4RkhWcmZuX1pBTkRobTJZS2tCM1RGMk1aUlphTnBFU2ZRZ1J4M3V0VkQyTW1lZWIyNUlrNXJVQmZ4LXZicHVTUWg3UlVtQkl2MmpMd1NCTDU5QUFDcW1Vd0dQVzVVTE5jV25rbGZ4Q01rSE1pcXZoZ2x2eWpGc1hxbnYtTmRrQV9vRQ?hl=en-CA&gl=CA&ceid=CA%3Aen,quantum
Why Google's Willow chip could be a quantum computing game changer,2024-12-16 01:44:30.760420,https://news.google.com/read/CBMiWkFVX3lxTE9GZHhmWG5ZS2RsTDlNcHIyYldDb29mYzJQaXdwQ2ozSHNtNFJQaHBPcVgzYzFGQ2VLVER4bmI0c2IxM0NFWXhVZ1VRNFEyQXlVVlpRVUNnYjJnQQ?hl=en-CA&gl=CA&ceid=CA%3Aen,quantum
Inauguration of Switzerland's first physical quantum computer,2024-12-16 01:44:30.761484,https://news.google.com/read/CBMiygFBVV95cUxNNDZHSnpSMEhlTzVVZDBHbndqQ25BSXNTRV9lcTBIbEFyS00yVmZmSEFVRmZmenY5R1dKeXRqQk95SmMtT2JOMVNDOHZOVDBYaVFkeHFNSmhqaUhGWDFLSUFITC1Rc3ZhZ3ZIU2hhdGQzMVpxdmpxa1RBTlVKR1BlVVFxbUh6REF0QmR4LTdRUndSQTVhVkR3d0xuT0ZFTkhzREtfZ0NBWElFUFJtUF85R0VVaUZtWVEyaGVBaTgxbEZXdWJyOGVUUzFn?hl=en-CA&gl=CA&ceid=CA%3Aen,quantum
Google shares soar amid breakthroughs in quantum computing,2024-12-16 01:44:30.761945,https://news.google.com/read/CBMiYkFVX3lxTFBsaEJETkd6MTAyMXl4NVFuVjJveWxwZmgwWWVPSTRBTFkzVkI0cklZeHY1M3NTRks4RXM1Q0FmRG52cmZrSnZmMzBOaURpM19YeUh1SXhuWTBnT3ItRG1TbVZR?hl=en-CA&gl=CA&ceid=CA%3Aen,quantum
An ultrasensitive fluorescence nano-biosensor based on RBP 41-quantum dot microspheres for rapid detection of Salmonella in the food matrices,2024-12-16 01:44:30.763012,https://news.google.com/read/CBMie0FVX3lxTE4xRTRHRVZWY0h5WVdYTWQwcTNyb0lKTXVyRkI0cTJwb0ZNSGpOcVJqclVPQXE2Yld0X1dkSkJpN3pSbDJHdm9IM01sSXBsdDc3VHZPWnZoMUJsM0dBMFpzQVFDZFVlcjduUUZVbUV4c2JGQmZZeDBHMjdaWQ?hl=en-CA&gl=CA&ceid=CA%3Aen,quantum
Archer Materials Stock Surges Amid Quantum Computing Buzz,2024-12-16 01:44:30.764094,https://news.google.com/read/CBMirgFBVV95cUxQVlc2RmNTckI4U2FHYlZJV2lramxPcmV3R1FmTURsNTROV3R3N092Rk4tTFFvY1o1VzdkTi1ydVFtY0otaUNuMFZVZkdlRVhHVUZXYlpYY1huUGxJTHdwemVBSWxuSTN5QnRHTGFBTXpxVGV2ejRpeUpkeU1DT09BcXg5RkdiNHY2YUctNi1aTmI0OElobFc4TlRZT3FYODVqMXRUNF9kaHZhT0pMTVE?hl=en-CA&gl=CA&ceid=CA%3Aen,quantum
Retail Chatter For SEALSQ Soars On $10M Direct Offering To Fuel Quantum Tech Expansion,2024-12-16 01:44:30.768639,https://news.google.com/read/CBMi1wFBVV95cUxPMkVyY0sxUUN1SUpuU1RPaFlKTThJTll5WUdsb3VxQkZRZGNQWU55VHdzR1d2X1J3WHU2SG10WEhMOWJVWVdKSWNQRkZXNXc5SlV0V1hOUkxGbkJESVlXVy1wSENiaHRQMENvYjBrQmpObWMzTFNhYVFlbXl6ZUQ1YWViYjNWNXZoRGx2YTNVQ3Z1dVFfWklhaGZLemZOQ24zMDFPSW14b3NpN1ZHTGo1N2gyd2lseXM1bG9WenhTaHJHZy1fWGZ1aU9Mall5M0dIUUJEcWc2NA?hl=en-CA&gl=CA&ceid=CA%3Aen,quantum
"UST's data and AI head on responsible AI, quantum potential and more",2024-12-16 01:44:30.773549,https://news.google.com/read/CBMipwFBVV95cUxNLTVpSWdzMWxJd1NuNUlzUkpqMktaLTcxa1F3LVhYWS1XZ1J3a2FZYmowMlRKbkozcGZqUGpYNlZ6bVgtTHdhMTlDZHNMWjdHeWJTZUZuNDMyUkVZeDZnSnZfYmprQU5VZ0VZR0FfOS1CSE1tY1Zrc3VRT1VNaUFOa2JZY1FEWjNwSXZZbTFBRmxwbkdacHk0VHFQcXFERE4xOTVIdC0zZw?hl=en-CA&gl=CA&ceid=CA%3Aen,quantum
